delinquency,spend,payment,balance,risk,std,mean,_25,_50,_75,_min,_max,unimportant_fe
GradientBoostingClassifier,GradientBoostingClassifier,LogisticRegression,RandomForestClassifier,GradientBoostingClassifier,GradientBoostingClassifier,LogisticRegression,GradientBoostingClassifier,GradientBoostingClassifier,LogisticRegression,GradientBoostingClassifier,LogisticRegression,GradientBoostingClassifier
GradientBoostingClassifier,GradientBoostingClassifier,LogisticRegression,GradientBoostingClassifier,RandomForestClassifier,RandomForestClassifier,GradientBoostingClassifier,GradientBoostingClassifier,GradientBoostingClassifier,LogisticRegression,LogisticRegression,LogisticRegression,GradientBoostingClassifier
GradientBoostingClassifier,GradientBoostingClassifier,LogisticRegression,RandomForestClassifier,RandomForestClassifier,RandomForestClassifier,GradientBoostingClassifier,GradientBoostingClassifier,GradientBoostingClassifier,GradientBoostingClassifier,GradientBoostingClassifier,LogisticRegression,RandomForestClassifier
GradientBoostingClassifier,RandomForestClassifier,LogisticRegression,RandomForestClassifier,RandomForestClassifier,RandomForestClassifier,GradientBoostingClassifier,GradientBoostingClassifier,GradientBoostingClassifier,GradientBoostingClassifier,GradientBoostingClassifier,LogisticRegression,GradientBoostingClassifier
GradientBoostingClassifier,GradientBoostingClassifier,LogisticRegression,GradientBoostingClassifier,RandomForestClassifier,RandomForestClassifier,GradientBoostingClassifier,GradientBoostingClassifier,GradientBoostingClassifier,GradientBoostingClassifier,GradientBoostingClassifier,RandomForestClassifier,GradientBoostingClassifier
GradientBoostingClassifier,RandomForestClassifier,LogisticRegression,GradientBoostingClassifier,RandomForestClassifier,GradientBoostingClassifier,GradientBoostingClassifier,GradientBoostingClassifier,GradientBoostingClassifier,GradientBoostingClassifier,GradientBoostingClassifier,LogisticRegression,GradientBoostingClassifier
GradientBoostingClassifier,RandomForestClassifier,LogisticRegression,RandomForestClassifier,RandomForestClassifier,GradientBoostingClassifier,LogisticRegression,GradientBoostingClassifier,GradientBoostingClassifier,GradientBoostingClassifier,GradientBoostingClassifier,LogisticRegression,GradientBoostingClassifier
GradientBoostingClassifier,GradientBoostingClassifier,LogisticRegression,GradientBoostingClassifier,GradientBoostingClassifier,RandomForestClassifier,LogisticRegression,GradientBoostingClassifier,GradientBoostingClassifier,LogisticRegression,LogisticRegression,LogisticRegression,GradientBoostingClassifier
RandomForestClassifier,GradientBoostingClassifier,LogisticRegression,RandomForestClassifier,RandomForestClassifier,GradientBoostingClassifier,LogisticRegression,GradientBoostingClassifier,GradientBoostingClassifier,LogisticRegression,LogisticRegression,LogisticRegression,GradientBoostingClassifier
GradientBoostingClassifier,GradientBoostingClassifier,LogisticRegression,GradientBoostingClassifier,RandomForestClassifier,RandomForestClassifier,GradientBoostingClassifier,GradientBoostingClassifier,GradientBoostingClassifier,GradientBoostingClassifier,GradientBoostingClassifier,LogisticRegression,GradientBoostingClassifier
GradientBoostingClassifier,GradientBoostingClassifier,LogisticRegression,GradientBoostingClassifier,RandomForestClassifier,GradientBoostingClassifier,GradientBoostingClassifier,GradientBoostingClassifier,GradientBoostingClassifier,GradientBoostingClassifier,GradientBoostingClassifier,LogisticRegression,GradientBoostingClassifier
RandomForestClassifier,GradientBoostingClassifier,LogisticRegression,RandomForestClassifier,RandomForestClassifier,GradientBoostingClassifier,GradientBoostingClassifier,GradientBoostingClassifier,GradientBoostingClassifier,GradientBoostingClassifier,GradientBoostingClassifier,LogisticRegression,GradientBoostingClassifier
